geneA	geneB	weight
CD74	CD44	0.999
CAV2	CAV1	0.999
AIMP2	AIMP1	0.999
CCL2	CCL4L2	0.999
CCL2	CCL5	0.999
CCL2	CXCL8	0.999
APOC1	APOC3	0.999
APOE	APOC3	0.999
CDKN1B	CCNE1	0.999
CCNA1	CDKN1B	0.999
CDKN1B	CCNA2	0.999
C3	CR1	0.999
C3	CFH	0.999
APOC1	APOE	0.999
APP	APOE	0.999
CDKN1A	CCNA1	0.999
CDK1	CCNA1	0.999
CCNB1	CKS2	0.999
CCNB1	CDC20	0.999
CCNB1	CDK1	0.999
CCT6A	CCT7	0.999
CCT7	CCT5	0.999
CCT2	CCT7	0.999
ATP5PD	ATP5F1B	0.999
ATP5PO	ATP5F1B	0.999
ATP5ME	ATP5F1B	0.999
ATP5MF	ATP5F1B	0.999
ATP5PB	ATP5F1B	0.999
ATP5F1C	ATP5F1B	0.999
CDKN1A	CCNE1	0.999
CENPE	BUB1B	0.999
CENPE	CENPF	0.999
CCT6A	CCT5	0.999
CCT2	CCT6A	0.999
CCT2	CCT5	0.999
ATP5MC3	ATP5F1C	0.999
ATP5MC3	ATP5PB	0.999
AURKB	BUB1B	0.999
BUB1	BUB1B	0.999
CDC20	BUB1B	0.999
CENPF	BUB1B	0.999
BUB3	BUB1B	0.999
CDK1	BUB1B	0.999
CDK1	CCNB2	0.999
CDC20	CCNB2	0.999
ATP5PO	ATP5PD	0.999
ATP5PO	ATP5PB	0.999
ATP5PO	ATP5MF	0.999
ATP5PO	ATP5F1C	0.999
ATP5PO	ATP5ME	0.999
ATP5ME	ATP5MF	0.999
ATP5MF	ATP5PD	0.999
ATP5PB	ATP5MF	0.999
CD3G	CD3D	0.999
ATP5PB	ATP5PD	0.999
ATP5F1C	ATP5PD	0.999
ATP5ME	ATP5PD	0.999
BIRC5	AURKB	0.999
BIRC5	CDCA8	0.999
CDC20	BUB1	0.999
BUB3	BUB1	0.999
COPS6	COPS5	0.999
CCL5	CXCL10	0.999
ATP5ME	ATP5PB	0.999
ATP5ME	ATP5F1C	0.999
CYCS	CYC1	0.999
ATP6V0A4	ATP6V0B	0.999
CKS1B	CDK1	0.999
CKS1B	CCNA2	0.999
CDCA8	AURKB	0.999
COX5A	CYC1	0.999
COX5A	COX4I2	0.999
CDK1	CDC25C	0.999
AHNAK	ANXA2	0.999
ATP5PB	ATP5F1C	0.999
CCR9	CCL25	0.999
BUB3	CDC20	0.999
CDC20	CCNA2	0.999
CDK1	CDC20	0.999
CDK1	CKS2	0.999
CDK1	CCNA2	0.999
CDKN1A	CCNA2	0.999
CCL5	CCR3	0.999
ACTG1	ACTB	0.999
HSP90AB1	FKBP4	0.999
HSP90AA1	FKBP4	0.999
LCK	LCP2	0.999
LCP2	GRAP2	0.999
LCP2	FYB1	0.999
DKC1	GAR1	0.999
IGF1	IGFBP2	0.999
IGF1	IGFBP5	0.999
HSPD1	HSPE1	0.999
KISS1	KISS1R	0.999
INHBA	FST	0.999
H4C6	H2AC8	0.999
H2AC20	H4C6	0.999
H4C6	H3C12	0.999
HJURP	H4C6	0.999
H2BC21	H4C6	0.999
EMC7	EMC3	0.999
JUN	FOSB	0.999
JUNB	FOSB	0.999
JUND	FOSB	0.999
FOS	FOSB	0.999
DLGAP5	HMMR	0.999
EIF3I	EIF3K	0.999
HBA2	HBA1	0.999
HBB	HBA2	0.999
JUNB	JUND	0.999
JUN	JUND	0.999
FOS	JUND	0.999
HSPA8	DNAJB1	0.999
HSP90AA1	DNAJB1	0.999
HSP90AB1	DNAJB1	0.999
EIF2S1	EIF3I	0.999
EIF2S1	EIF2S2	0.999
EIF2S1	EIF2B3	0.999
KIF23	ECT2	0.999
FGF2	FGFR2	0.999
FGF2	FGFR3	0.999
ICAM1	ITGB2	0.999
ITGAM	ICAM1	0.999
EXOSC8	EXOSC7	0.999
IGF1	IGFBP4	0.999
H2BC21	H2AZ1	0.999
IL15	IL2RG	0.999
HSP90B1	DNAJB11	0.999
HSP90B1	HSPA5	0.999
JUN	JUNB	0.999
FOS	JUNB	0.999
JUN	FOS	0.999
RACK1	EEF2	0.999
ITGA3	FN1	0.999
HBB	HBA1	0.999
HBG2	HBG1	0.999
H2AC20	H3C12	0.999
H2AC20	H2BC21	0.999
HSP90AA1	HSPA8	0.999
H2BC21	H3C12	0.999
EIF2S2	EIF2B3	0.999
GYPB	GYPA	0.999
IL6R	IL6	0.999
FCGR1A	FCGR1B	0.999
HSP90AB1	HSPA8	0.999
KRT18	KRT8	0.999
ITGAM	ITGB2	0.999
RACK1	FAU	0.999
PSMA4	PSMD8	0.999
PSMB3	PSMA4	0.999
POMP	PSMA4	0.999
PSMA4	PSMA3	0.999
PSMA4	PSMB8	0.999
PSMA4	PSMD14	0.999
PSMA4	PSMB9	0.999
PSMA4	PSMB2	0.999
PSMA4	PSMA5	0.999
PSMA4	PSMD7	0.999
PSMA4	PSMB1	0.999
PSMA4	PSMB6	0.999
PSMA4	PSMD6	0.999
PSMA4	PSMB7	0.999
PSMA4	PSMD4	0.999
PSMA4	PSMC2	0.999
PSMA4	PSMA7	0.999
PSMA4	PSMC3	0.999
PSMA4	PSMC4	0.999
PSMA4	PSMD11	0.999
PSMC4	PSMB2	0.999
PSMC4	PSMD14	0.999
PSMB3	PSMC4	0.999
PSMC4	PSMD8	0.999
PSMD13	PSMC4	0.999
PSMC4	PSMD7	0.999
PSMC4	PSMB1	0.999
PSMC4	PSMA5	0.999
PSMC4	PSMD6	0.999
PSMC4	PSMD11	0.999
PSMC4	PSMC3	0.999
PSMC4	PSMC2	0.999
PSMD4	PSMC4	0.999
NGFR	NTRK1	0.999
PSMD14	PSMD8	0.999
PSMB2	PSMD8	0.999
PSMB3	PSMD8	0.999
PSMA3	PSMD8	0.999
PSMD7	PSMD8	0.999
PSMD13	PSMD8	0.999
PSMD6	PSMD8	0.999
PSMB6	PSMD8	0.999
PSMC3	PSMD8	0.999
PSMD11	PSMD8	0.999
PSMD4	PSMD8	0.999
PSMC2	PSMD8	0.999
PSMB3	PSMA3	0.999
POMP	PSMA3	0.999
PSMA3	PSMD14	0.999
PSMA3	PSMB9	0.999
PSMB8	PSMA3	0.999
PSMA3	PSMB2	0.999
PSMA3	PSMA5	0.999
PSMD7	PSMA3	0.999
PSMA3	PSMB1	0.999
PSMB6	PSMA3	0.999
PSMA3	PSMD6	0.999
PSMB7	PSMA3	0.999
PSMC2	PSMA3	0.999
PSMA3	PSMA7	0.999
PSMD4	PSMA3	0.999
PSMA3	PSMC3	0.999
PSMA3	PSMD11	0.999
PSME1	PSME2	0.999
PSMB7	PSMD7	0.999
PSMD7	PSMD6	0.999
PSMD4	PSMD7	0.999
PSMC2	PSMD7	0.999
PSMD7	PSMD11	0.999
PSMD7	PSMC3	0.999
PSMB3	PSMD7	0.999
PSMD7	PSMB2	0.999
PSMD7	PSMD14	0.999
PSMD7	PSMA5	0.999
PSMD13	PSMD7	0.999
PSMD7	PSMB1	0.999
NCAPG	NCAPH	0.999
NIP7	NIFK	0.999
NIP7	MRTO4	0.999
PSMB7	PSMD6	0.999
PSMB7	PSMB6	0.999
PSMB7	PSMC3	0.999
PSMB7	PSMD11	0.999
PSMB7	PSMA7	0.999
PSMB7	PSMC2	0.999
PSMD4	PSMB7	0.999
PSMB7	PSMB9	0.999
PSMB7	PSMD14	0.999
PSMB7	PSMB8	0.999
PSMB7	PSMB2	0.999
PSMB3	PSMB7	0.999
POMP	PSMB7	0.999
PSMB7	PSMB1	0.999
PSMD13	PSMB7	0.999
PSMB7	PSMA5	0.999
NDC80	NUF2	0.999
PSMD14	PSMD11	0.999
PSMB2	PSMD11	0.999
PSMD11	PSMA5	0.999
PSMB1	PSMD11	0.999
PSMD13	PSMD11	0.999
PSMD6	PSMD11	0.999
PSMD4	PSMD11	0.999
PSMC2	PSMD11	0.999
PSMC3	PSMD11	0.999
PSMD13	PSMB1	0.999
PSMB1	PSMA5	0.999
PSMB1	PSMB9	0.999
PSMD14	PSMB1	0.999
PSMB8	PSMB1	0.999
PSMB2	PSMB1	0.999
PSMB3	PSMB1	0.999
POMP	PSMB1	0.999
PSMC3	PSMB1	0.999
PSMB1	PSMA7	0.999
PSMC2	PSMB1	0.999
PSMD4	PSMB1	0.999
PSMD6	PSMB1	0.999
PSMB6	PSMB1	0.999
NDUFB6	NDUFS3	0.999
NDUFS3	NDUFS5	0.999
NDUFS3	MT-ND6	0.999
NDUFA9	NDUFS3	0.999
NDUFS3	NDUFA12	0.999
NDUFA9	NDUFS5	0.999
NDUFA9	NDUFB6	0.999
NDUFA9	NDUFA12	0.999
PSMB6	PSMA7	0.999
PSMD4	PSMB6	0.999
PSMB6	PSMA5	0.999
PSMB3	PSMB6	0.999
PSMB6	PSMB2	0.999
PSMB6	PSMD14	0.999
PSMB8	PSMB6	0.999
PSMD13	PSMA5	0.999
PSMB3	PSMA5	0.999
PSMD14	PSMA5	0.999
PSMA5	PSMB9	0.999
PSMB8	PSMA5	0.999
PSMB2	PSMA5	0.999
PSMC2	PSMA5	0.999
PSMA7	PSMA5	0.999
PSMD4	PSMA5	0.999
PSMC3	PSMA5	0.999
PSMD6	PSMA5	0.999
MEIS1	PBX1	0.999
NCF2	NCF1	0.999
NEK2	MAD2L1	0.999
MAD1L1	MAD2L1	0.999
NCL	NPM1	0.999
MRPS15	MRPL16	0.999
POLR2G	POLR2H	0.999
POLR2G	POLR2E	0.999
MRPL13	MRPL47	0.999
MRPL13	MRPL22	0.999
MRPL21	MRPL13	0.999
MRPL13	MRPL36	0.999
RBM8A	MAGOHB	0.999
NDUFB6	NDUFA12	0.999
NDUFS5	NDUFA12	0.999
MRPL12	MRPL36	0.999
MRPL21	MRPL12	0.999
MAP1LC3B	NBR1	0.999
NPY1R	PYY	0.999
PRSS3	PRSS2	0.999
MRPL21	MRPL36	0.999
MRPL21	MRPL22	0.999
MRPL21	MRPL47	0.999
MRPL21	MRPS15	0.999
NDUFS5	MT-ND6	0.999
PFDN6	PFDN2	0.999
PSMD13	PSMD4	0.999
PSMD4	PSMB2	0.999
PSMD4	PSMD14	0.999
PSMB3	PSMD4	0.999
PSMD4	PSMC3	0.999
PSMD4	PSMC2	0.999
PSMD4	PSMA7	0.999
PSMD4	PSMD6	0.999
POMP	PSMA7	0.999
PSMB3	PSMA7	0.999
PSMB2	PSMA7	0.999
PSMA7	PSMB9	0.999
PSMB8	PSMA7	0.999
PSMC2	PSMA7	0.999
NDUFB6	NDUFS5	0.999
PSMC3	PSMB2	0.999
PSMC2	PSMB2	0.999
PSMD6	PSMB2	0.999
PSMD13	PSMB2	0.999
PSMB8	PSMB2	0.999
PSMD14	PSMB2	0.999
PSMB2	PSMB9	0.999
POMP	PSMB2	0.999
PSMB3	PSMB2	0.999
PSMB8	PSMB9	0.999
PSMB3	PSMB9	0.999
POMP	PSMB9	0.999
POMP	PSMB8	0.999
PSMB3	PSMB8	0.999
PSAT1	PHGDH	0.999
PCNA	RFC3	0.999
PCNA	RFC4	0.999
RFC4	RFC3	0.999
POMP	PSMB3	0.999
PSMC2	PSMD14	0.999
PSMD14	PSMC3	0.999
PSMD14	PSMD6	0.999
PSMD13	PSMD14	0.999
PSMB3	PSMD14	0.999
PSMB3	PSMC2	0.999
PSMD13	PSMC2	0.999
PSMC2	PSMD6	0.999
PSMC2	PSMC3	0.999
PSMD13	PSMD6	0.999
PSMD13	PSMC3	0.999
PSMD13	PSMB3	0.999
RANBP1	RAN	0.999
LTB	LTA	0.999
POLR2H	POLR2E	0.999
MRPL22	MRPL47	0.999
PSMD6	PSMC3	0.999
MRPL36	MRPL22	0.999
POLR3G	POLR2E	0.999
PSMB3	PSMC3	0.999
SNRPA1	SNRPD3	0.999
SNRPD1	SNRPD3	0.999
SNRPD3	SNRPF	0.999
SNRPB2	SNRPD3	0.999
RRP9	SNU13	0.999
RRP9	WDR43	0.999
SNRPB2	SNRPF	0.999
SNRPD1	SNRPB2	0.999
SNRPA1	SNRPB2	0.999
SNRPA1	SNW1	0.999
SNRPA1	SNRPF	0.999
SNRPD1	SNRPA1	0.999
TIMM8A	TIMM10	0.999
SLC7A5	SLC3A2	0.999
SNW1	SNRPF	0.999
SNRPD1	SNRPF	0.999
SLC3A2	SLC7A11	0.999
SPC24	SPC25	0.999
TSFM	TUFM	0.999
RUVBL1	RUVBL2	0.999
SLC3A2	SLC7A8	0.999
TUBA1B	TUBB	0.999
TUBA1B	TUBB2A	0.999
TUBA1A	TUBB4B	0.999
TNNT2	TNNI3	0.999
S100A9	S100A8	0.999
TXNIP	TXN	0.999
UBC	UCHL3	0.999
TUBA1A	TUBB2A	0.999
RPS6	RPS5	0.999
RPS24	RPS6	0.999
UBC	SQSTM1	0.999
TFRC	TF	0.999
TSPO	VDAC1	0.999
RPS24	RPS5	0.999
CCL2	CXCR4	0.998
CCL2	CCR3	0.998
C3	CFD	0.998
CDC25B	CDK1	0.998
CCNB1	CCNB2	0.998
CKS1B	CCNB1	0.998
CCNB1	BUB1B	0.998
CENPU	CENPA	0.998
ATP5MC3	ATP5PD	0.998
BUB1	CCNB2	0.998
COL6A1	COL6A2	0.998
CDK1	BUB1	0.998
CCL19	CXCR4	0.998
AURKB	CDC20	0.998
ASPH	CASQ1	0.998
BCL2L11	BAK1	0.998
CCL25	CCL5	0.998
CDKN1A	CDK1	0.998
CXCR4	CCL5	0.998
CDKN1C	CCNA2	0.998
CCR3	CCL4	0.998
CCL3	CCR3	0.998
HSPA1B	DNAJB1	0.998
EIF2S1	EIF1	0.998
H2BC5	H2AC6	0.998
H2BC21	H2AC8	0.998
H2AC8	H3C12	0.998
FAU	EEF2	0.998
HSP90AA1	HSPA1B	0.998
EIF2S2	EIF1	0.998
HLA-C	HLA-B	0.998
HSPA8	DNAJA1	0.998
GAPDH	ENO1	0.998
PSMD13	PSMA4	0.998
PSMC4	PSMA3	0.998
PSMB7	PSMC4	0.998
PSMC4	PSMB6	0.998
PSMC4	PSMA7	0.998
PSMB1	PSMD8	0.998
PSMA5	PSMD8	0.998
MAPK1	PTPN7	0.998
PSMD13	PSMA3	0.998
LMO2	LYL1	0.998
PSMB3	PSMD11	0.998
PSMB6	PSMC2	0.998
PSMB6	PSMC3	0.998
PSMD13	PSMB6	0.998
POMP	PSMB6	0.998
MRTO4	NIFK	0.998
MRPS15	MRPS18C	0.998
NDUFAF2	NDUFA12	0.998
MRPL36	MRPL16	0.998
MRPL21	MRPL16	0.998
MRPL13	MRPL16	0.998
MRPL22	MRPL16	0.998
MRPL16	MRPL47	0.998
MRPL13	MRPS15	0.998
MRPL13	MRPL12	0.998
PDGFB	PDGFA	0.998
PFDN2	POLR2E	0.998
PSMD14	PSMA7	0.998
MRPS15	MRPL36	0.998
MRPS15	MRPL22	0.998
MAP1LC3B	OPTN	0.998
PSMB3	PSMD6	0.998
SNRPD3	SNU13	0.998
SNW1	SNRPD3	0.998
TUBA1B	TUBB2B	0.998
SNRPD1	SNW1	0.998
VDAC2	VDAC1	0.998
TACR2	TAC3	0.998
UBC	TNF	0.998
UBC	UBB	0.998
CKS1B	CDKN1B	0.997
DDX18	BRIX1	0.997
CD81	CD9	0.997
ATP5F1C	ATP5MF	0.997
ASB9	CKB	0.997
BIRC5	CDK1	0.997
AURKB	BUB1	0.997
CEBPB	ATF4	0.997
CXCR4	CXCL10	0.997
CXCR4	CXCL8	0.997
CDK1	AURKB	0.997
CENPA	AURKB	0.997
ANXA2R	ANXA2	0.997
AP1M2	AP1S2	0.997
CCL3	CCL4	0.997
DLGAP5	KIF11	0.997
HP	HBA2	0.997
HBD	HBA2	0.997
HBB	HBZ	0.997
H2BC11	H2AC8	0.997
LILRB1	HLA-C	0.997
HBD	HBA1	0.997
FDPS	HMGCS1	0.997
HSPA5	DNAJB11	0.997
HSP90AA1	HSP90AB1	0.997
EIF1	EIF3I	0.997
RACK1	EIF3I	0.997
EIF2S2	FAU	0.997
FAU	FLT3LG	0.997
PSMA7	PSMD8	0.997
MCM5	MCM10	0.997
PSMD7	PSMA7	0.997
PSMD11	PSMA7	0.997
MRPL21	MRPL1	0.997
MRPL12	MRPL1	0.997
MRPL36	MRPL1	0.997
MRPL12	MRPL22	0.997
PSMD13	PSMA7	0.997
PSMD6	PSMA7	0.997
PSMC3	PSMA7	0.997
SNW1	SNRPB2	0.997
TUBA1A	TUBB2B	0.997
WDR74	RPF1	0.997
VDAC2	VDAC3	0.997
TNNC2	TNNT3	0.997
RPS6	SNU13	0.997
CKM	CKB	0.996
CCT5	CDC20	0.996
CCT2	CDC20	0.996
DDIT3	ATF4	0.996
HBE1	HBA2	0.996
EIF2S1	FAU	0.996
PSMB6	PSMD6	0.996
MKI67	NIFK	0.996
MRPL12	MRPS15	0.996
MALSU1	MRPL47	0.996
UBC	UBE2S	0.996
SNRPF	SNU13	0.996
SOD1	VDAC1	0.996
TUBA1B	TUBB4B	0.996
TUBA1A	TUBB	0.996
TNNC2	TNNI3	0.996
WDR43	SNU13	0.996
RPS5	SNU13	0.996
RPF2	RSL1D1	0.996
AURKA	CDC20	0.995
CCNB1	CCNA2	0.995
CCT7	CDC20	0.995
ATP5MC3	ATP5F1B	0.995
CCT6A	CDC20	0.995
BIRC5	CDC20	0.995
CLSPN	CDC45	0.995
ACTB	ARID1A	0.995
CXCR4	CCL4	0.995
GRPEL1	HSPE1	0.995
FOS	EGR1	0.995
H4C6	H2AZ1	0.995
FAU	EIF3K	0.995
HP	HBA1	0.995
HBG2	HBA1	0.995
HBB	HP	0.995
FDPS	FDFT1	0.995
FAU	EIF3I	0.995
NFKBIA	RELB	0.995
PSMB6	PSMD11	0.995
NDUFAF4	NDUFS3	0.995
NDUFA9	MT-ND6	0.995
MT1X	MT1F	0.995
MRPL21	MALSU1	0.995
NDUFB6	MT-ND6	0.995
NDUFAF4	NDUFS5	0.995
MRPS15	MRPL47	0.995
MRPL36	MRPL47	0.995
RRP9	RPS5	0.995
TUBB2A	TUBA4A	0.995
STAR	VDAC1	0.995
VDAC3	VDAC1	0.995
RPS24	SNU13	0.995
CXCR4	CD74	0.994
CCT2	CTTNBP2	0.994
CCT5	CTTNBP2	0.994
CCT6A	CTTNBP2	0.994
DDX18	DDX10	0.994
CD81	CD63	0.994
CCNA2	BUB1B	0.994
CDCA8	BUB1B	0.994
CDT1	CDC45	0.994
COX5A	ATP5PD	0.994
CEBPB	DDIT3	0.994
CD63	CD9	0.994
CXCR4	CD44	0.994
H2BC11	H4C6	0.994
HBG2	HBA2	0.994
HBE1	HBZ	0.994
KIF23	KIF11	0.994
KCNH2	KCNE1	0.994
H2BC21	H2AC6	0.994
HSPA1A	HSPA1B	0.994
FAU	EIF1	0.994
MRPL13	MRPL1	0.994
MRPL12	MRPL47	0.994
TPI1	TALDO1	0.994
SNRPB2	SNU13	0.994
TUBB	TUBA4A	0.994
SOD1	SOD2	0.994
SNRPD1	SNU13	0.994
TUBB	TUBA1C	0.994
SQSTM1	VDAC1	0.994
CTSL	CD74	0.993
BIRC5	AURKA	0.993
BIRC5	CCNB1	0.993
BLVRA	BLVRB	0.993
CENPE	CENPA	0.993
ATP5MC3	ATP5MF	0.993
CCNB2	BUB1B	0.993
CDC25C	CCNB2	0.993
BIRC5	CCNB2	0.993
CCR3	CXCL10	0.993
CKS1B	CKS2	0.993
COX4I2	CYC1	0.993
CXCR4	CCL3	0.993
H2AC6	H4C6	0.993
FLT1	FGF2	0.993
IL6R	IL11	0.993
E2F2	E2F1	0.993
PSMB7	PSMD8	0.993
PSMB7	PSME2	0.993
PSMA5	PSME2	0.993
PSMB6	PSMD7	0.993
POMP	PSMA5	0.993
PSME1	PSMB9	0.993
SUGT1	SKP1	0.993
SNRPA1	SNU13	0.993
STAR	TSPO	0.993
TNNT2	TNNI1	0.993
RSL1D1	RPF1	0.993
CDKN1B	COPS5	0.992
CCNB1	BUB1	0.992
CTSL	CSTA	0.992
ATP5PO	ATP5MC3	0.992
ATP5ME	ATP5MC3	0.992
CDCA8	CDC20	0.992
CCL3L1	CCR3	0.992
CCL3L1	CCL3	0.992
H2BC5	H4C6	0.992
FBLN1	FN1	0.992
H2BC11	H3C12	0.992
KIF4A	KIF20A	0.992
H2BC9	H2AC6	0.992
PSME1	PSMA4	0.992
PSMA3	PSME2	0.992
PSMD4	PSMB9	0.992
PSME1	PSMA7	0.992
TKFC	TPI1	0.992
SGO1	SGO2	0.992
RUNX1T1	NCOR2	0.992
CCNB1	CDC25C	0.991
CENPE	BUB1	0.991
AURKB	CCNA2	0.991
HBE1	HBA1	0.991
HAVCR2	HMGB1	0.991
H1-5	H2AC20	0.991
HSP90AB1	HSPA1B	0.991
EIF2S2	EIF3I	0.991
MRPL12	MRPL16	0.991
MRPL13	MALSU1	0.991
RRP9	RPS24	0.991
TUBB4B	TUBA4A	0.991
TK1	TYMS	0.991
TNNI1	TNNT3	0.991
SERBP1	RPS6	0.991
SLC25A5	VDAC1	0.991
CENPE	CDC20	0.989
CDT1	CCNA2	0.989
ATF3	ATF4	0.989
CDK1	CENPA	0.989
ANXA1	ANXA2	0.989
INHBA	FSTL3	0.989
H2BC9	H4C6	0.989
HSPA1A	DNAJB1	0.989
EIF2S1	RACK1	0.989
FUT6	FUT1	0.989
LILRB1	HLA-B	0.989
HSP90AA1	DNAJA1	0.989
HEY2	HEY1	0.989
FBLN2	FN1	0.989
KMT2A	H3C12	0.989
JUN	IL6	0.989
EBNA1BP2	EIF6	0.989
MAP2K6	MAP2K3	0.989
RPL3L	RPS6	0.989
RRP15	RPF1	0.989
RPS24	SERBP1	0.989
WDR43	RPS6	0.989
WDR43	RSL1D1	0.989
AURKA	CCNB2	0.988
CCNA1	CDKN1C	0.988
CCNB1	CENPF	0.988
CXCL8	CCL4	0.988
COX5A	ATP5F1C	0.988
ATF3	DDIT3	0.988
FUT2	FUT6	0.988
HNF4A	HNF1A	0.988
FDFT1	HMGCS1	0.988
KLRC1	HLA-C	0.988
H2BC11	H2AC6	0.988
PSMC4	PSMB9	0.988
PSME1	PSMB7	0.988
PA2G4	MRTO4	0.988
MT-ND6	NDUFA12	0.988
PDCD11	MRTO4	0.988
PFDN6	POLR2E	0.988
RRP9	RPS6	0.988
UBB	UBE2S	0.988
SOCS3	STAT1	0.988
RPL22L1	RPS24	0.988
CD44	COL1A1	0.987
CD63	CD82	0.987
CCNB1	CDCA8	0.987
DBF4	CDC45	0.987
BIRC5	BUB1B	0.987
CENPF	BUB1	0.987
ASPM	CENPF	0.987
FRG1	FRG2	0.987
EGR1	FOSB	0.987
EGR3	EGR2	0.987
FGFR2	FGFR3	0.987
IGF1	FCGR1A	0.987
PSMB8	PSMC4	0.987
PSMB8	PSME2	0.987
MRPL13	MRPS18C	0.987
NDUFAF4	NDUFAF2	0.987
MRPL21	PDCD11	0.987
RSL1D1	RRP1B	0.987
CYCS	ALB	0.986
CCR3	CXCL8	0.986
CENPA	CDC20	0.986
FN1	ITGA2	0.986
GAPDH	HSPA8	0.986
PSME1	PSMA3	0.986
PSMB1	PSME2	0.986
PSME1	PSMB1	0.986
PSME1	PSMA5	0.986
MRPL12	MRTO4	0.986
POLR2H	POLR3G	0.986
SLC25A4	VDAC1	0.986
TUBB	TUBB4B	0.986
WDR74	RRP1B	0.986
UBB	UCHL3	0.986
WDR43	RPS5	0.986
APP	CD74	0.985
CENPA	BUB1B	0.985
CD63	ANXA2	0.985
CD44	CD9	0.985
FCER1G	FCGR1A	0.985
HCLS1	GSN	0.985
NEK2	NDC80	0.985
MRPL47	MRPL1	0.985
PSMD14	PSMB9	0.985
PSME1	PSMB8	0.985
TIMM44	TIMM50	0.985
RPF2	RRP15	0.985
TNNT2	TNNC2	0.985
RPS24	WDR43	0.985
CD81	CD82	0.984
HSPA6	DNAJB1	0.984
DNAJA1	HSPA1B	0.984
RACK1	EIF1	0.984
PSME1	PSMB2	0.984
TUBA1B	TUBA1C	0.984
RPF1	RRP1B	0.984
RPF2	RPF1	0.984
TRAF1	TNFRSF9	0.984
CD82	CD9	0.983
COX5A	COA6	0.983
H2BC11	H2AZ1	0.983
HSPA8	HSPA5	0.983
KIF2C	KIF18B	0.983
PSMB9	PSMD8	0.983
MKNK2	MAPK1	0.983
MYC	MAPK1	0.983
MRPS18C	MRPL16	0.983
MRPL21	MRTO4	0.983
PSMD13	PSMB9	0.983
VDAC3	SLC25A4	0.983
WDR74	RSL1D1	0.983
CDKN1A	CDKN1B	0.982
CDC25B	CCNA2	0.982
CCNA1	CDC20	0.982
CDK1	CDKN3	0.982
H4C6	KMT2A	0.982
EIF2S1	EIF3K	0.982
HSPD1	GRPEL1	0.982
H1-5	H2BC21	0.982
NDUFAF2	NDUFS3	0.982
MRPL36	MRTO4	0.982
TUFM	RPS5	0.982
RRP15	SURF6	0.982
CENPE	ASPM	0.981
CCNA2	BUB1	0.981
DDC	COMT	0.981
CDCA3	CDC20	0.981
CCNH	CDK1	0.981
HMGB1	HMGB2	0.981
DUT	DTYMK	0.981
PSMB3	PSME2	0.981
PSMB2	PSME2	0.981
MAD2L1	NUF2	0.981
CCNB1	AURKA	0.979
CDK1	CDCA5	0.979
CDCA8	ATP5PD	0.979
BIRC5	BUB1	0.979
PSME1	PSMB6	0.979
MRPL16	MRPL1	0.979
TUBA1B	TUBB1	0.979
SLC25A5	SLC25A4	0.979
SNCA	VDAC1	0.979
RPF2	WDR74	0.979
CDK1	CDKN1B	0.978
COX5A	ATP5PB	0.978
CDK1	CENPF	0.978
HBZ	HBG1	0.978
PA2G4	NIFK	0.978
CCNA1	CCNA2	0.977
CCNB1	CDKN1A	0.977
CCL3	CXCL8	0.977
CCL5	CCR4	0.977
H2BC9	H2BC5	0.977
H2BC5	H2AC8	0.977
HSP90AB1	HSPA5	0.977
MAP2K3	MAPK1	0.977
PSMD11	PSMB9	0.977
PTH2	PTH1R	0.977
MRPS18C	MRPL47	0.977
CYC1	ATP5F1B	0.976
CKS2	CCNB2	0.976
ASPM	BUB1	0.976
CDCA8	ATP5F1C	0.976
ASS1	ASNS	0.976
FN1	ITGB2	0.976
PSMA7	PSME2	0.976
PSMD6	PSMB9	0.976
PDIA6	PRDX4	0.976
A2M	APOE	0.975
CENPE	AURKB	0.975
CENPA	CCNB2	0.975
CXCL8	CXCL10	0.975
BAK1	CYCS	0.975
CDCA8	CDCA3	0.975
KIF2C	DLGAP5	0.975
HLA-DRA	HLA-B	0.975
MCM5	ORC6	0.975
PSMD7	PSMB9	0.975
PRKCB	NCF1	0.975
MRPL22	MRPL1	0.975
CDC25B	CCNA1	0.974
ASPM	BUB1B	0.974
CDCA8	CCNB2	0.974
CENPF	CCNB2	0.974
ATP5PO	ATP5IF1	0.974
ITGA2	ITGB2	0.974
MALSU1	MRPL22	0.974
SURF6	RPF1	0.974
CDKN1C	CCNE1	0.973
CENPE	CDK1	0.973
RRM2	CDK1	0.973
CDK1	CDCA3	0.973
EIF1	EIF3K	0.973
KIF14	KIF20A	0.973
KIF2C	KIF20A	0.973
RACK1	FLT3LG	0.973
MRPS15	MRPL1	0.973
PTGS1	PTGES	0.973
PSMD4	PSMB8	0.973
RACGAP1	PRC1	0.973
PLCG2	PRKCB	0.973
RRP12	WDR43	0.973
CCNB1	CDKN1B	0.972
CDK1	CCNE1	0.972
ASPM	CDC20	0.972
EIF2S2	EIF3K	0.972
ITGA3	ITGA2	0.972
PSMB8	PSMC2	0.972
TRAPPC4	SDC2	0.972
TNNI1	TNNC2	0.972
SLC25A5	VDAC3	0.972
SAT1	SRM	0.972
AURKA	BUB1	0.971
CDCA8	BUB1	0.971
CKS1B	CDC20	0.971
CDCA8	CENPA	0.971
CDC20	CKS2	0.971
BCL2L11	BBC3	0.971
MAP1LC3B	MAP1B	0.971
MRPL36	PDCD11	0.971
TUBB2B	TUBA1C	0.971
RPL3L	TUFM	0.971
TOMM40	TIMM50	0.971
COL6A1	COL1A1	0.969
CCNB2	CDCA5	0.969
CENPA	BUB1	0.969
ITGA3	ITGB2	0.969
HSP90AB1	HSPA1A	0.969
SOCS3	SOCS1	0.969
STAT5A	STAT1	0.969
ARPC3	ACTB	0.968
AURKB	CDCA5	0.968
H4C6	H1-4	0.968
KIF2C	KIF11	0.968
HSP90AA1	HSPA5	0.968
NDC80	MAD2L1	0.968
MAP1LC3B	MAP1A	0.968
MRPL12	PDCD11	0.968
TUBB2B	TUBA4A	0.968
RPL22L1	RPS6	0.968
RRP15	WDR74	0.968
CCNB1	CENPE	0.967
CDT1	CDK1	0.967
CDCA8	ATP5PB	0.967
HBE1	HBQ1	0.967
H2AC6	H2AC8	0.967
GBP1	GBP2	0.967
HSP90AB1	DNAJA1	0.967
GAPDH	LDHA	0.967
NGFR	NTRK3	0.967
MRPL21	MRPS18C	0.967
C3	CR1L	0.966
ATP5IF1	ATP5F1B	0.966
H2BC21	H2BC5	0.966
MAP2K6	MAPK1	0.966
PSMB8	PSMC3	0.966
UBC	UFD1	0.966
TUBA1A	TUBA1B	0.966
STAT1	SOCS1	0.966
TSC22D3	SGK1	0.966
CCL2	CXCL10	0.965
APOE	APOL1	0.965
CYP11A1	CYP17A1	0.965
CCNA2	CCNB2	0.965
CENPA	CENPF	0.965
FGF2	FN1	0.965
LEFTY1	LEFTY2	0.965
H2AC8	KMT2A	0.965
CTSH	CSTA	0.964
ACTG1	ARPC3	0.964
CCL19	CCR9	0.964
ATP5F1C	ATP5IF1	0.964
AK2	ADSL	0.964
TUBA4A	TUBB1	0.964
UBB	SKP1	0.964
BIRC5	CENPE	0.963
FOS	EGR2	0.963
RACK1	EIF3K	0.963
GRPEL1	DNAJB1	0.963
KIFC1	KIF11	0.963
HSP90AA1	HSPD1	0.963
H2AC6	H3C12	0.963
EIF6	RACK1	0.963
PSMC2	PSMB9	0.963
TUBA1C	TUBB1	0.963
TUBA1A	TUBB1	0.963
CCNB1	AURKB	0.962
CDCA8	CENPF	0.962
EGR1	JUND	0.962
KIF4A	DLGAP5	0.962
RRP15	RRP1B	0.962
TOMM40	VDAC1	0.962
CDT1	CCNA1	0.961
CDCA8	CDCA5	0.961
AK8	ADSL	0.961
FOS	DUSP1	0.961
HLA-DRA	HLA-C	0.961
PSMB6	PSME2	0.961
RACGAP1	PLK1	0.961
PSMG1	POMP	0.961
AURKA	CENPA	0.959
C3	ALB	0.959
CXCL10	CCL4	0.959
CENPF	CEP55	0.959
IL11	IL6	0.959
KIF5C	KIF5B	0.959
HSPA6	HSPA1B	0.959
HBG1	HBA1	0.959
MGLL	NDUFS3	0.959
TIMM44	TIMM10	0.959
TNNT2	TPM4	0.959
CFH	APOE	0.958
CCL3L1	CCL4L2	0.958
KIF23	KIF20A	0.958
KIF14	KIF23	0.958
HSP90AA1	KCNH2	0.958
ETS2	ETS1	0.958
ETS2	ID1	0.958
H2BC11	KMT2A	0.958
MGLL	NDUFA12	0.958
MAOB	PNMT	0.958
TOMM40	TIMM44	0.958
VDAC2	STAR	0.958
VDAC3	TSPO	0.958
TFAM	SSBP1	0.958
CDK1	CEP55	0.957
FKBP4	DNAJB1	0.957
PSMB8	PSMD8	0.957
NCL	MDK	0.957
TUBA1B	STMN4	0.957
CENPE	CDCA8	0.956
DBF4	CDT1	0.956
ACE2	ACE	0.956
BIRC5	CCNA2	0.956
CDC25C	CCNA2	0.956
BCL2L11	DDIT3	0.956
CDKN1A	CEBPA	0.956
CCL4	CCL4L2	0.956
EGR3	FOSB	0.956
HSPA1A	DNAJA1	0.956
FAM83D	HMMR	0.956
LIFR	IL6	0.956
PLK4	PLK1	0.956
PTTG1	PLK1	0.956
PSMC3	PSMB9	0.956
RRM2	TOP2A	0.956
RPF2	SURF6	0.956
VDAC2	TSPO	0.956
BIRC5	CENPA	0.955
COX4I2	CYCS	0.955
GADD45G	GADD45B	0.955
KIF4A	KIF23	0.955
PRC1	PLK1	0.955
PMP22	MPZL1	0.955
PSMB8	PSMD6	0.955
COL6A2	COL1A1	0.954
KIF18A	KIF2C	0.954
PBK	NUSAP1	0.954
APOE	ALB	0.953
CCNB1	CENPA	0.953
ATP6V0B	ATP5F1C	0.953
CCL5	CCL4	0.953
FN1	LGALS3BP	0.953
HSP90B1	HSP90AB1	0.953
H2AC6	KMT2A	0.953
SQSTM1	SESN2	0.953
AURKA	CDCA8	0.952
CCNB1	ASPM	0.952
COX5A	ATP5F1B	0.952
CKS1B	CCNB2	0.952
COX5A	CYCS	0.952
CDCA8	CCNA2	0.952
CDK1	CDKN1C	0.952
CDK1	CDC45	0.952
KIF4A	KIF11	0.952
ODC1	NQO1	0.952
NEK2	NUF2	0.952
PBK	MAD2L1	0.952
AURKA	CDK1	0.951
CDC25B	CCNB1	0.951
ASPM	CCNB2	0.951
CCL3	CXCL10	0.951
KIF23	DLGAP5	0.951
DNAJC2	HSPA8	0.951
NDC80	PLK1	0.951
AURKA	CCNA2	0.949
CYC1	COA6	0.949
H2BC9	H2AC8	0.949
MCM5	RFC4	0.949
NCAPG	NDC80	0.949
SAP30	NCOR2	0.949
RSAD2	STAT1	0.949
FOSB	EGR2	0.948
FBLN2	FBLN1	0.948
WDR74	SURF6	0.948
TRAF1	TNF	0.948
CKS1B	CCNA1	0.947
ACTG1	CCT7	0.947
CDKN3	CCNA2	0.947
KIF11	ESPL1	0.947
ICAM1	IL6	0.947
KIF4A	KIF2C	0.947
HSPA8	HSPA1B	0.947
NOX5	NCF1	0.947
RFC4	MAD2L1	0.947
NCL	MYC	0.947
TUBA1A	TUBA4A	0.947
CDKN1C	CDKN1B	0.946
CDKN1A	CDKN3	0.946
CCR9	CCL3	0.946
CDC20	CDC45	0.946
HJURP	DLGAP5	0.946
H2BC5	H3C12	0.946
MRPS18C	MRPL1	0.946
MYLK	MYL12B	0.946
PDCD11	MRPL22	0.946
TNFSF10	TNF	0.946
TUBA1B	VASH2	0.946
TPM4	TNNI3	0.946
RRM2	CEP55	0.945
KIF18A	DLGAP5	0.945
KIF14	KIF18A	0.945
GAPDH	FN1	0.945
TIMM50	TIMM10	0.945
ATP5PO	COX5A	0.944
CENPF	CCNA2	0.944
ASPM	CCNA2	0.944
DNAJA1	DNAJB1	0.944
H1-4	H3C12	0.944
MALSU1	MRPL16	0.944
ATP5PO	CDCA8	0.943
BUB3	AURKB	0.943
DDIT3	CEBPA	0.943
PCNA	RNASEH2A	0.943
NDUFAF2	MT-ND6	0.943
MKI67	NUSAP1	0.943
RRM2	TPX2	0.943
RPL22L1	RPS5	0.943
SLC25A5	TSPO	0.943
UBB	SQSTM1	0.943
CENPE	CCNB2	0.942
BIRC5	CDCA5	0.942
CDK1	ASPM	0.942
COL2A1	CD44	0.942
HSPA8	FKBP4	0.942
HSP90AA1	HSPE1	0.942
H2AZ1	H3C12	0.942
TPX2	TOP2A	0.942
RUNX2	STAT1	0.942
BUD23	RPS6	0.942
BUD23	RPS5	0.942
TUBA1A	VASH2	0.942
CCNB1	CDKN3	0.941
CST7	CTSL	0.941
FOS	EGR3	0.941
H2BC21	H2BC9	0.941
KIFC1	KIF20A	0.941
PARD6G	MPP5	0.941
NDUFAF4	NDUFA12	0.941
NCF2	MMP9	0.941
SRM	SAT2	0.941
RPF2	RRP1B	0.941
COX5A	ATP5MC3	0.939
CEP55	BUB1B	0.939
RRM2	CCNA2	0.939
EIF2S1	HSPA5	0.939
KIF2C	ESPL1	0.939
LIFR	IL11	0.939
HSPA1A	HSPA8	0.939
PDCD11	PWP1	0.939
RPL22L1	RPL3L	0.939
RRM2	TYMS	0.939
CDC20	CDCA5	0.938
KLB	FGFR2	0.938
H2BC21	H2BC11	0.938
FLNA	ITGB2	0.938
KIF2C	HJURP	0.938
NEK2	PLK1	0.938
PSMD13	PSMB8	0.938
MUC20	MUC12	0.938
RPF1	TRMT10C	0.938
APOE	CD44	0.937
CDC45	CDCA5	0.937
MCM5	RFC3	0.937
MYCN	NDRG1	0.937
NCF2	NOX5	0.937
MALSU1	MRPL36	0.937
SLC25A4	TSPO	0.937
AURKA	CEP55	0.936
CCNB1	CDCA3	0.936
CENPE	CEP55	0.936
CSF3R	CEBPA	0.936
KCNMB1	KCNN3	0.936
PGK1	PKM	0.936
NUSAP1	PRC1	0.936
CREB3L3	ATF4	0.935
CENPE	BUB3	0.935
CCL19	CXCL10	0.935
ATP5ME	COX5A	0.935
CDCA8	CDC45	0.935
HAVCR2	LCK	0.935
HJURP	KIF20A	0.935
MRPL13	PDCD11	0.935
CCT6A	ACTG1	0.934
CKAP2	CENPF	0.934
KLF1	HBG1	0.934
IL23R	IL6	0.934
PBK	NDC80	0.934
RAC3	PAK3	0.934
BUB1	CDCA5	0.933
CCL19	CCL25	0.933
CDCA3	AURKB	0.933
KIF14	DLGAP5	0.933
HSPA8	HSPD1	0.933
MYCN	MYC	0.933
PLK1	MAD2L1	0.933
RAC3	PARD6G	0.933
SPI1	TYROBP	0.933
TUBB2A	TUBB2B	0.933
RUNX3	RUNX2	0.933
FCER1G	HCST	0.932
IL20	IL24	0.932
KIF2C	KIFC1	0.932
PSMB8	PSMD7	0.932
SPI1	RUNX1T1	0.932
RPS24	BUD23	0.932
H2BC9	H3C12	0.931
NCAPG	NUSAP1	0.931
TACR2	TAC4	0.931
APOF	APOL1	0.929
PSMD14	PSME2	0.929
CEP55	BUB1	0.928
AFMID	DDC	0.928
ASNS	ATF4	0.928
HSP90AB1	HSPE1	0.928
HMMR	KIF11	0.928
H2BC21	H1-2	0.928
KRT18	KRT19	0.928
IL6	HAMP	0.928
PRKCB	MAPK1	0.928
NCF1	MMP2	0.928
PRDX6	MGST1	0.928
CDKN1A	CCNB2	0.927
ALB	AFP	0.927
KIF14	HJURP	0.927
GSTP1	JUN	0.927
RSAD2	RTP4	0.927
STAT5A	SOCS1	0.927
RPF2	WDR43	0.927
CKS1B	CDKN1A	0.926
AURKB	CDC45	0.926
COL6A1	CD44	0.926
LIPG	MGLL	0.926
PSMG1	PSMB1	0.926
PDCD11	MRPL1	0.926
MRPL12	MALSU1	0.926
CDKN2D	CDKN1B	0.925
CCL19	CXCL8	0.925
AURKB	CENPF	0.925
IL1RN	IL6	0.925
H2AC20	H2BC5	0.925
H2AC20	H2BC9	0.925
LCK	GRAP2	0.925
KIF20A	FAM83D	0.925
TUBA1A	STMN4	0.925
AURKA	BUB1B	0.924
APOC3	APOL1	0.924
CDK1	BUB3	0.924
ENO1	LDHA	0.924
MAPK1	NR4A1	0.924
PIM1	PIM2	0.924
CDCA8	CEP55	0.923
CCNA2	CEP55	0.923
BAK1	BBC3	0.923
FCGR2A	FCGR1A	0.923
HSPA8	DNAJB11	0.923
NCF1	MAPK1	0.923
NIP7	PAK1IP1	0.923
PSMG1	PSMA5	0.923
NME1	PKM	0.923
MYLK	MYL4	0.923
SOD1	TOMM40	0.923
SNCA	TPPP	0.923
AURKA	AURKB	0.922
CDC25B	CDC25C	0.922
RRM2	BUB1B	0.922
RRM2	DCTPP1	0.922
CAV1	ANXA2	0.922
KIF18A	KIF20A	0.922
HSP90AA1	GAPDH	0.922
KIF20A	ECT2	0.922
PRKCB	NCF2	0.922
CPEB4	CDK1	0.921
CNIH4	CACNG8	0.921
ATP5PO	CYC1	0.921
COL6A2	CD44	0.921
CDT1	CDC20	0.921
CDC25C	BUB1	0.921
CREB5	ATF4	0.921
KIF23	KIF18A	0.921
KIF14	KIF4A	0.921
NCAPG	PRC1	0.921
LYAR	NIFK	0.921
MRTO4	POLR2E	0.921
UBB	UFD1	0.921
CPEB4	AURKA	0.919
ALAS2	AHSP	0.919
HES1	HEY1	0.919
JUN	IRF1	0.919
MRTO4	PPAN	0.919
PKLR	PKM	0.919
TPX2	TUBA1B	0.919
WDR74	WDR18	0.919
CREB5	CREB3L3	0.918
APOC1	APOL1	0.918
FGF2	FLT3LG	0.918
KIF4A	HJURP	0.918
PCNA	MCM5	0.918
MMP9	MMP2	0.918
NDC80	NUSAP1	0.918
TUBB2B	STMN4	0.918
ARID5B	CEBPE	0.917
CENPE	CCNA2	0.917
ANLN	BUB1	0.917
ALDH3B2	COMT	0.917
KIF23	KIF2C	0.917
H2AC20	H2BC11	0.917
NCF2	MMP2	0.917
PLAAT3	LPCAT2	0.917
PSMB6	PSMB9	0.917
TUBB2A	STMN4	0.917
SNW1	NCOR2	0.917
ZFP36L1	ZFP36L2	0.917
CDCA2	BUB1B	0.916
HBZ	JUND	0.916
PSMG1	PSMA7	0.916
CCNH	CCNA1	0.915
CREB5	CREM	0.915
DLGAP5	KIFC1	0.915
GSTO1	GSTP1	0.915
NCF2	MAPK1	0.915
ACP5	BLVRB	0.914
CENPU	CDK1	0.914
ATP5ME	CDCA8	0.914
CD84	CD48	0.914
ATP5PB	CYC1	0.914
NME1	PKLR	0.914
RRM2	TK1	0.914
CDCA3	CCNB2	0.913
RRM2	CCNB2	0.913
BIRC5	CEP55	0.913
CCL5	CCL3	0.913
KIF23	KIFC1	0.913
H2AC8	H1-4	0.913
IGF1	IL6	0.913
RAC3	RALA	0.913
APOC3	ALB	0.912
ALB	ACE	0.912
CBSL	CNNM1	0.912
HBB	HBD	0.912
RAC3	PDLIM4	0.912
PCNA	PIF1	0.912
PLCG2	NTRK3	0.912
MRPS15	MRTO4	0.912
CREM	CREB3L3	0.911
CCNF	CDK1	0.911
JUN	DUSP1	0.911
H1-5	H1-3	0.911
LILRA1	HLA-C	0.911
HSPA8	GRPEL1	0.911
ISG15	IFITM3	0.911
NUSAP1	NUF2	0.911
MT1G	MT1F	0.911
TPX2	TUBB2B	0.911
VDAC3	STAR	0.911
CCL19	CCR3	0.909
KIF20A	HMMR	0.909
RPF2	TWISTNB	0.909
SURF6	RRP1B	0.909
EGR1	IER2	0.908
HSPD1	HSPA5	0.908
NCAPG	MKI67	0.908
NDUFAF2	NDUFA9	0.908
PSMG1	PSMB9	0.908
PLCG2	NTRK1	0.908
TAC3	TAC4	0.908
CCNA1	CCNE1	0.907
CPEB4	CCNB2	0.907
CEP55	CCNB2	0.907
CNDP1	ALDH7A1	0.907
CNDP1	ALDH3B2	0.907
RRM2	CDC20	0.907
H1-10	H4C6	0.907
FCGR2A	FCER1G	0.907
HBE1	HBG1	0.907
FUT2	FUT1	0.907
FN1	FMOD	0.907
IGF1	FN1	0.907
ORC6	MCM10	0.907
PAX5	PRDM1	0.907
SOX2	TBX3	0.907
ARHGDIB	ARHGDIG	0.906
BPGM	ALDOA	0.906
CCNA2	CDC45	0.906
HLA-DRA	ENO1	0.906
PTTG1	NUSAP1	0.906
TOMM40	TIMM10	0.906
RRM2	CCNB1	0.905
A2M	APP	0.905
CCT2	ACTB	0.905
ATP6V0B	ATP5PD	0.905
ALAS2	ALAS1	0.905
KLB	FGFR3	0.905
FAU	HBA1	0.905
PWP1	NIFK	0.905
NEK2	NUSAP1	0.905
FN1	ICAM1	0.904
DNAJA1	HSPA5	0.904
RPF2	RRP12	0.904
CCNA2	CCNE1	0.903
COL9A2	CD44	0.903
CD52	CD48	0.903
FAU	HBA2	0.903
IFITM1	ISG15	0.903
LIPG	PLPP4	0.903
PSMB8	PSMD11	0.903
LPCAT2	PLD3	0.903
PLAAT3	PLD3	0.903
SMC4	TOP2A	0.903
AURKA	CENPF	0.902
KIF18A	KIFC1	0.902
PSMG1	MRPS15	0.902
MRTO4	PWP1	0.902
APP	ALB	0.901
H2BC5	H2AZ1	0.901
FEN1	EXO1	0.901
KLRC1	LILRB1	0.901
DTL	EXO1	0.901
KIF14	KIF2C	0.901
KIF4A	KIF18B	0.901
MAP2K6	RAC3	0.901
RAC3	MAP2K3	0.901
SURF6	RSL1D1	0.901
ACTG1	CCT5	0.899
CDT1	RRM2	0.899
BCL2L11	CYCS	0.899
FLT1	IGF1	0.899
MRPL12	MRPS18C	0.899
PBK	PRC1	0.899
WARS1	SARS1	0.899
RPS24	RSL1D1	0.899
APP	CRYAB	0.898
CD44	CD24	0.898
KLF1	GYPA	0.898
H1-10	H2AC8	0.898
NDUFAF2	NDUFB6	0.898
MRTO4	PAK1IP1	0.898
CKS1B	CCNE1	0.897
CDKN3	BUB1B	0.897
HBG2	HBQ1	0.897
HBD	HBG1	0.897
ITGAM	IL6	0.897
MOBP	MOG	0.897
SOD1	SNCA	0.897
ACTB	DCTN3	0.896
COX4I2	ATP5PB	0.896
CDC45	CEP55	0.896
KIF20A	ESPL1	0.896
HBD	HBG2	0.896
NPM1	MYC	0.896
BIRC5	RRM2	0.895
CCR9	CCL5	0.895
KIF20B	KIF11	0.895
PSMG1	MRPL36	0.895
NDUFAF4	NDUFB6	0.895
CDCA3	CDCA5	0.894
DEPDC1	CCNA2	0.894
GYPB	KLF1	0.894
IL6R	IL15	0.894
DNAJA1	HSPA6	0.894
CEBPE	CEBPA	0.893
CD69	CD44	0.893
CDKN3	CCNB2	0.893
CCNF	RRM2	0.893
ISG15	ISG20	0.893
MMP9	PLAT	0.893
PLK4	MAD2L1	0.893
PSMG1	MRPL13	0.893
MRTO4	MRPL22	0.893
RUVBL1	SNU13	0.893
RSL1D1	SNU13	0.893
RRM2	AURKA	0.892
CCL2	CCL19	0.892
APOF	APOC3	0.892
HSP90AB1	DNAJB11	0.892
MRPS15	PDCD11	0.892
ECT2	KIF11	0.891
FOS	IL6	0.891
PTTG1	MAD2L1	0.891
CDCA2	CDCA8	0.889
ATP6V0B	ATP5PB	0.889
CXCR4	CCL25	0.889
KIF23	HMMR	0.889
HBB	KLF1	0.889
HSP90AB1	HSPA6	0.889
JUN	HNF4A	0.889
HBB	HBG1	0.889
IL6	IL3RA	0.889
HJURP	GTSE1	0.889
PSMG1	MRPL16	0.889
TUBB2A	TUBB4B	0.889
SNCA	SQSTM1	0.889
JUN	EGR2	0.888
EPCAM	KRT19	0.888
GLRX3	GLRX	0.888
EBNA1BP2	DKC1	0.888
KIF18B	KIF20A	0.888
PSMG1	PSMB7	0.888
C3	APP	0.887
BIRC5	CDKN3	0.887
FH	LDHA	0.887
CDCA3	BUB1B	0.886
CKAP2	BUB1B	0.886
ACTB	ALB	0.886
CKAP2L	CEP55	0.886
CDC20	CDKN3	0.885
FGF2	KIT	0.885
RRP9	RRP12	0.885
RRP9	RPF2	0.885
RRM2	TXN	0.885
IL15	IL6	0.884
HSP90B1	HSPA8	0.884
MRPL13	MRTO4	0.884
MDH2	PDHA1	0.884
TFPI	SERPIND1	0.884
CKAP2L	ASPM	0.883
EPS8	GSN	0.883
PDCD11	PAK1IP1	0.883
IGF1	FGF2	0.882
FGF2	IL6	0.882
ITGAM	FCGR2A	0.882
HSPA5	HSPA1B	0.882
KIF18B	KIFC1	0.882
TUBB2B	VASH2	0.882
DLGAP5	PCLAF	0.881
H1-5	H1-4	0.881
PTMA	NUPR1	0.881
PTGS1	MT-ND6	0.881
TNFRSF4	TNFRSF9	0.881
BIRC5	ASPM	0.879
CKAP2	BUB1	0.879
JUN	HBZ	0.879
HSP90AA1	EEF2	0.879
HSP90AA1	HSPA6	0.879
HSP90AA1	DYNLL1	0.879
GAPDH	IL6	0.879
CCNA1	CDC25C	0.878
CDKN2D	CDKN1C	0.878
LGALS1	FN1	0.878
HSP90AB1	RACK1	0.878
HJURP	HMMR	0.878
FAU	ISG15	0.878
PSME1	PSMD6	0.878
UBC	SNCA	0.878
CDCA2	CENPE	0.877
DEPDC1	CEP55	0.877
GDF15	HAMP	0.877
KIF4A	HMMR	0.877
PSMD6	PSME2	0.877
CLCA1	ANO1	0.876
APOE	ACE	0.876
CAMK1D	CDC123	0.876
CCT2	ACTG1	0.876
CDCA3	CEP55	0.876
BBC3	DDIT3	0.876
EGR3	EGR1	0.876
ENO1	EEF2	0.876
HSPA8	ENO1	0.876
SOD1	TXN	0.876
RRP12	RPS6	0.876
ATP5PB	ATP5IF1	0.875
H2BC11	H1-4	0.875
PARK7	NCL	0.875
STAT1	TNF	0.875
KLF1	HBE1	0.874
SOX2	SOX21	0.874
ASB9	CKM	0.873
CEP55	CDCA5	0.873
CDT1	CKS1B	0.873
BIRC5	CDC45	0.873
CDCA8	CYC1	0.873
H1-10	H3C12	0.873
ETS1	JUN	0.873
NIP7	LYAR	0.873
PRDX1	PRDX2	0.873
MKI67	PRC1	0.873
OSR2	MSX1	0.873
TOMM40	VDAC2	0.873
CD53	CD82	0.872
IFITM1	IFITM3	0.872
HSP90AB1	GAPDH	0.872
PDCD11	MRPL16	0.872
AIF1	CD68	0.871
CCNB1	DEPDC1	0.871
CDCA2	CKAP2L	0.871
ACTB	CYCS	0.871
KIF18B	KIF11	0.871
FH	FAH	0.871
ID1	ID3	0.871
AURKA	CENPE	0.869
CCNB1	CDCA5	0.869
CCR9	CXCL10	0.869
ANGPT2	CXCL8	0.869
ASPM	CKAP2	0.869
HMGB1	ELANE	0.869
RACGAP1	NUSAP1	0.869
RUVBL2	SNU13	0.869
HSP90AB1	EEF2	0.868
KIF2C	HMMR	0.868
GPX3	GLRX	0.868
COL2A1	COL1A1	0.867
CDCA2	CDCA5	0.867
CKAP2L	BUB1	0.867
FBXO5	GMNN	0.867
ETS2	FOS	0.867
JUN	H3C12	0.867
KLRC1	HLA-B	0.867
PARK7	PRDX2	0.867
THBS1	TNFAIP6	0.867
SERBP1	RPL3L	0.867
COX4I2	ATP5F1B	0.866
CCT2	CCNE1	0.866
CCL25	CCR3	0.866
IGF1	FGFR2	0.866
MT2A	MT1X	0.866
NIP7	PPAN	0.866
APOF	APOE	0.865
ACTB	CCT5	0.865
ASPM	CENPA	0.865
CCL3L1	CCL4	0.865
PLK1	NUF2	0.865
AURKA	CDCA5	0.864
CDT1	CKS2	0.864
AURKB	CEP55	0.864
CDCA3	ASPM	0.864
CXCR4	CCR3	0.864
FOSB	DUSP1	0.864
H2BC9	H2AZ1	0.864
DLL1	HEY1	0.864
GPATCH4	EIF4A3	0.864
HJURP	KIF18B	0.864
OPRD1	PNOC	0.864
RACGAP1	NCAPG	0.864
CCNA2	CDCA5	0.863
BUB3	CENPA	0.863
COX4I2	ATP5F1C	0.863
HSPA5	DERL3	0.863
NIP7	POLR2E	0.863
PDCD11	PNO1	0.863
RPL3L	WDR74	0.863
S100A9	S100A7	0.863
CCL2	CCR9	0.862
ACE2	ALB	0.862
HBB	HBG2	0.862
COX4I2	ATP5PD	0.861
CCR9	CCL4	0.861
RRM2	CDCA8	0.861
ASPM	DEPDC1	0.861
KIF23	KIF20B	0.861
LAPTM5	ITGB2	0.861
DNAJB11	HSPA1B	0.861
PA2G4	LYAR	0.861
PBK	PTTG1	0.861
CDCA3	CDKN3	0.859
KIF23	KIF18B	0.859
FDFT1	GAPDH	0.859
MCM5	POLE3	0.859
RFC3	MAD2L1	0.859
CCNH	CCNB1	0.858
CENPA	DEPDC1	0.858
DLGAP5	ECT2	0.858
IL24	IL22RA2	0.858
FEN1	KPNA2	0.858
HSPA5	EEF2	0.858
FAU	EMG1	0.858
S100A1	S100P	0.858
CENPF	CDCA5	0.857
CKAP2	CEP55	0.857
LCP2	FCER1G	0.857
PCLAF	KIF11	0.857
GYPB	GYPE	0.857
HSP90AB1	DKC1	0.857
PAK1IP1	NIFK	0.857
PSMG1	MRPL47	0.857
SNW1	SLIRP	0.857
CENPA	CDCA5	0.856
CDC25C	CDC45	0.856
GSTO1	GLRX	0.856
PSME1	PSMC4	0.856
PA2G4	NPM1	0.856
CCL18	CXCL8	0.855
HSPA1A	GRPEL1	0.855
FCER1G	ITGA2	0.855
SMOX	SAT1	0.855
ASPM	CDKN3	0.854
RRM2	ASPM	0.854
CDKN2D	CDKN1A	0.854
CCL3L1	CCL5	0.854
HBZ	HBQ1	0.854
EEF2	EEF1A2	0.854
GATA2	JUN	0.854
PBK	PLK4	0.854
CD74	ARL6IP1	0.853
COX5A	COX7B2	0.853
CDKN1A	CDC20	0.853
GRPEL1	HSPA1B	0.853
FN1	ITGAM	0.853
KIF14	HMMR	0.853
SLC7A5	SLC7A8	0.853
CCNE1	CKS2	0.852
CCL3L1	CXCL8	0.852
CFAP52	CCDC173	0.852
CNNM4	CBSL	0.852
FOXA1	HNF1A	0.852
DYNLL1	FAM83D	0.852
RACK1	HSPA8	0.852
TOMM40	VDAC3	0.852
BUB1B	CDCA5	0.851
CCR9	CXCL8	0.851
H1-5	H4C6	0.851
ITGAM	FCGR1A	0.851
PLAT	PLAUR	0.851
RAC3	NCF1	0.851
MKI67	NEK2	0.851
WDR43	WDR74	0.851
CDK1	DEPDC1	0.849
FLT1	KCNH2	0.849
PPIB	PDIA6	0.849
BLVRB	CYC1	0.848
CKAP2L	CDCA5	0.848
CCL25	CXCL10	0.848
CFAP52	C9orf135	0.848
COL6A1	COL18A1	0.848
CD53	CD48	0.848
HSP90AA1	DKC1	0.848
CDC25B	CCNB2	0.847
CCNB1	CCNA1	0.847
CCNF	CCNB1	0.847
ANLN	DEPDC1	0.847
HBG1	HBQ1	0.847
HK2	LDHA	0.847
NUSAP1	MAD2L1	0.847
ANLN	AURKB	0.846
CENPU	CCNB2	0.846
CDKN3	BUB1	0.846
HSPD1	HSPA1B	0.846
NTS	NMU	0.846
PSMG1	PSMB2	0.846
PTTG1	PRC1	0.846
TWISTNB	RSL1D1	0.846
CCNA1	CKS2	0.845
CENPA	CDC25C	0.845
HSPE1	HSPA1B	0.845
HJURP	ESPL1	0.845
KRT8	EPCAM	0.845
HJURP	KIFC1	0.845
MCM5	MAD2L1	0.845
PSMD7	PSME2	0.845
MS4A3	RNASE3	0.845
NPM1	RAN	0.845
REXO2	REXO4	0.845
DDX18	DDX21	0.844
CCL3L1	CCR9	0.844
CENPF	DEPDC1	0.844
CDKN1A	CDC45	0.844
CCL3L1	CXCR4	0.844
HHEX	KIF11	0.844
MAD1L1	PLK1	0.844
MYC	PLK1	0.844
PRG2	RNASE3	0.844
SOD2	SUCLG1	0.844
APOE	CD68	0.843
CDC25C	AURKB	0.843
TWISTNB	WDR43	0.843
ANLN	CENPF	0.842
CDT1	CDCA5	0.842
CEBPB	CXCL8	0.842
CD59	CAV1	0.842
CSF2RA	CSF3R	0.842
CDK1	CKAP2	0.842
KIF23	HJURP	0.842
HSP90AB1	FLNA	0.842
PSMG1	PSMB3	0.842
C3	CD59	0.841
ATP5MC3	CYC1	0.841
ACTG1	ARID1A	0.841
FCER1G	ITGB2	0.841
H2AZ1	H2AC8	0.841
HSPA8	EEF2	0.841
IL6	FLT3LG	0.841
PHB	NDUFS3	0.841
NUDC	MAD1L1	0.841
SNRPD3	SSB	0.841
CD74	ATP5F1C	0.839
CD69	CD86	0.839
HSP90B1	HSPE1	0.839
TOMM40	TIMM8A	0.839
SOD2	SOD3	0.839
ATP5ME	ATP5IF1	0.838
NIP7	PNO1	0.838
PGK1	PKLR	0.838
CDKN1B	CKS2	0.837
CKAP2L	ANLN	0.837
CCL19	CCL18	0.837
FOXA1	H3C12	0.837
MND1	MAD2L1	0.837
NCAPG	MAD2L1	0.837
MSN	PDPN	0.837
TPX2	SPC25	0.837
CENPU	CDC20	0.836
CDCA2	ASPM	0.836
CCDC173	C9orf135	0.836
EMG1	EXOSC7	0.836
MRTO4	LYAR	0.836
ACAN	COL1A1	0.835
DBF4	CLSPN	0.835
FOS	H4C6	0.835
HSP90B1	DNAJB1	0.835
GART	DTYMK	0.835
H2BC11	H1-10	0.835
MCM5	RNASEH2A	0.835
PARK7	NCF1	0.835
CDT1	CDCA8	0.834
ATP5ME	ATP6V0B	0.834
HSPE1	DNAJB1	0.834
GYPA	HEMGN	0.834
HSP90AA1	LCK	0.834
PLK4	PRC1	0.834
CFAP20	CFAP52	0.833
FOXA1	HNF4A	0.833
FADS1	EBP	0.833
FFAR4	GPR84	0.833
NCAPG	MCM10	0.833
PTTG1	NDC80	0.833
MRTO4	MRPL16	0.833
CDT1	CCNE1	0.832
CDCA2	CDK1	0.832
IL6	IL2RG	0.832
LMO2	MYB	0.832
SET	SGO2	0.832
RPS24	RRP12	0.832
AURKA	CDC25C	0.831
CENPE	CKAP2	0.831
DEPDC1	BUB1	0.831
CCL19	CCL3	0.831
H1-2	H4C6	0.831
FGF2	ENG	0.831
GLIPR1	GART	0.831
HSPA8	HSPA6	0.831
HSPA6	HSPA5	0.831
GSN	FLNA	0.831
GLIPR2	GART	0.831
MKI67	PLK1	0.831
OPTN	PLK1	0.831
TAP1	STAT1	0.831
UBC	UBE2T	0.831
CKAP2L	CENPA	0.829
FGF2	HBEGF	0.829
KIF20A	PIMREG	0.829
MND1	NUF2	0.829
MT2A	MT1E	0.829
PRC1	NUF2	0.829
MDH2	PKM	0.829
CENPE	DEPDC1	0.828
ANXA1	CXCL8	0.828
HBA2	HBQ1	0.828
H1-3	H1-2	0.828
H1-2	H2AC8	0.828
KIF4A	FAM83D	0.828
LTB	RELB	0.828
NDC80	PRC1	0.828
CKAP2L	CENPE	0.827
CCNB1	CDKN1C	0.826
ATP6V0B	ATP5MF	0.826
LGALS1	LGALS3BP	0.826
H2AC20	H1-3	0.826
KIF20A	PCLAF	0.826
H1-2	H1-4	0.826
MCM10	RFC3	0.826
TOMM40	TOMM20L	0.826
WDR43	RPF1	0.826
CCNH	CCNE1	0.825
RRM2	BUB1	0.825
SMAD6	RUNX2	0.825
SGK1	SCNN1A	0.825
UBB	SNCA	0.825
CENPA	CDKN3	0.824
CR1	CD59	0.824
IL15	IL3RA	0.824
HSPA1A	HSPA6	0.824
HCLS1	ITGB2	0.824
PSMC4	PSME2	0.824
NCAPG	MND1	0.824
NDUFAF4	NDUFA9	0.824
CFAP20	C9orf135	0.823
CDCA8	ATP5MC3	0.823
APP	CD44	0.823
BRIX1	DDX10	0.823
CCNH	CDKN1A	0.823
EIF6	EIF1	0.823
PBK	MND1	0.823
NCAPG	NEK2	0.823
NIP7	NOP16	0.823
CDT1	CCNB2	0.822
COX5A	ATP5MF	0.822
CDCA2	CDC20	0.822
CDKN3	CEP55	0.822
RRM2	CENPF	0.822
H2BC21	H1-3	0.822
JUN	KLF6	0.822
NPHP1	MPP5	0.822
PLK4	NUSAP1	0.822
RACGAP1	PTTG1	0.822
BIRC5	DEPDC1	0.821
CDCA8	CDC25C	0.821
GAD1	GCSH	0.821
POLR2E	NIFK	0.821
RRP12	RPS5	0.821
CBSL	CA2	0.819
COX5A	APOBEC3A	0.819
GBP2	IRF1	0.819
HSP90AB1	KCNH2	0.819
KIF18A	KIF20B	0.819
GYPA	IL3RA	0.819
EMG1	EXOSC8	0.819
NCF2	RAC3	0.819
THBS1	SERPINE1	0.819
WDR43	RRP1B	0.819
RPL22L1	SERBP1	0.819
AIF1	CD86	0.818
RRM2	CENPA	0.818
CD44	CCL5	0.818
KIF18B	DLGAP5	0.818
H2BC21	H1-4	0.818
GSTO1	GPX3	0.818
NGFR	PDGFB	0.818
PSMG1	PSMA3	0.818
NIP7	PDCD11	0.818
NDUFA9	MGLL	0.818
POMP	PSMC3	0.818
TSFM	SUCLG1	0.818
CDC45	BUB1B	0.817
CDCA2	DEPDC1	0.817
APOC1	APOF	0.817
FOXA1	JUN	0.817
HBD	HP	0.817
MDH2	NDUFA9	0.817
PRX	MPZL1	0.817
SYN2	STXBP5	0.817
CDK1	ANLN	0.816
FOS	HNF1A	0.816
PAK1IP1	PPAN	0.816
PLA2G2D	PLAAT3	0.816
TSC22D3	TSC22D1	0.816
TNFRSF9	TNF	0.816
AURKA	CDCA3	0.815
CCL2	CD68	0.815
CCL2	CD44	0.815
CLTA	CD86	0.815
CD24	ALDH1A1	0.815
GAPDH	H3C12	0.815
HSPA1A	DNAJB11	0.815
PPAN	NIFK	0.815
CCL2	ATF4	0.814
HSPA1A	HSPE1	0.814
H2AC20	H1-2	0.814
FCGR2A	ITGB2	0.813
TGFBR2	TNF	0.813
CENPU	BUB1B	0.812
FN1	IGFBP5	0.812
HSP90AB1	GFAP	0.812
KIFC1	ESPL1	0.812
KIF4A	KIF18A	0.812
HCLS1	LAPTM5	0.812
CD53	CD37	0.811
ARHGAP11A	CENPF	0.811
CCL18	CCR3	0.811
HNRNPH1	EIF4A3	0.811
NUSAP1	PLK1	0.811
NCF2	MNDA	0.811
SLC6A2	SCRT1	0.811
CDC25C	BUB1B	0.809
CD44	CD86	0.809
ARHGAP11A	ASPM	0.809
CSF2RA	CRLF2	0.809
GNB5	GNG8	0.809
H2AC20	H1-4	0.809
HSPA1A	HSPA5	0.809
FN1	GSN	0.809
FN1	FLNA	0.809
PNO1	NOL7	0.809
PDGFB	NRP1	0.809
RFC4	NUF2	0.809
SLC6A2	SNCA	0.809
THBS1	TFPI	0.809
CENPE	CDKN3	0.808
CDC25C	DEPDC1	0.808
CDKN1A	BBC3	0.808
PEBP1	MRPL16	0.808
PSME1	PSMC3	0.808
S100A1	S100A7	0.808
TFAM	VDAC1	0.808
WDR43	WDR18	0.808
CALM2	CKM	0.807
ALB	ABCG2	0.807
CALM2	CKB	0.807
CISH	ANK2	0.807
HSPA8	HSPE1	0.807
EIF6	EIF3I	0.807
S100A1	S100A4	0.807
RRP12	RRP1B	0.807
CLDN6	CLDN14	0.806
FKBP4	HSPA1B	0.806
FRG1	EIF4A3	0.806
GAPDH	HSPA5	0.806
DNAJC2	HSPA1A	0.806
NIP7	PWP1	0.806
TOP2A	TK1	0.806
CCT7	CCNE1	0.805
CKS2	BUB1	0.805
ACE2	CTSL	0.805
CXCR4	CCL4L2	0.805
HEY2	HES1	0.805
KLF1	HBA1	0.805
FOS	H3C12	0.805
IFITM2	IFITM3	0.805
MYC	PKM	0.805
SOD2	TFAM	0.805
AURKA	CKS2	0.804
GFAP	HSPA8	0.804
HSP90AB1	ENO1	0.804
PTTG1	NCAPG	0.804
CCNB1	ACTB	0.803
COL9A2	CILP	0.803
IL15	IL23R	0.803
DNAJC2	HSPA1B	0.803
C3	COLEC11	0.802
APOC1	APP	0.802
FOXA1	FOS	0.802
FOXA1	FOXA3	0.802
KIT	GRAP2	0.802
PRC1	MAD2L1	0.802
AK6	CD74	0.801
APOE	CAV1	0.801
APP	ACTB	0.801
CYC1	APOBEC3A	0.801
CXCR4	CD86	0.801
HBG2	HBE1	0.801
HSP90B1	HSPD1	0.801
UBE2S	SKP1	0.801
CDKN1A	CYCS	0.799
IL6R	IL23R	0.799
MRPS15	PEBP1	0.799
RPF2	RPL3L	0.799
UBE2T	TPX2	0.799
TPM4	TNNT3	0.799
CDT1	CCNB1	0.798
COL2A1	COLGALT2	0.798
CXCR4	CCL18	0.798
HSP90B1	HSPA1B	0.798
HSP90AA1	JUN	0.798
MRPL36	PEBP1	0.798
NOP16	NIFK	0.798
MCM10	MAD2L1	0.798
PRDX6	PRDX2	0.798
MT1X	MT1E	0.798
SERBP1	SERPINE1	0.798
SYN2	SYP	0.798
CKAP2L	CDK1	0.797
CXCL8	ATF4	0.797
CCL3	CCR4	0.797
IER2	FOSB	0.797
ITGAM	KIT	0.797
IGF1	FGFR3	0.797
MT1F	MT1E	0.797
SSB	SNRPF	0.797
TNFRSF4	TNF	0.797
CD82	CD37	0.796
COTL1	ALOX5AP	0.796
ARHGAP11A	BUB1B	0.796
CCL25	CXCL8	0.796
GRPEL1	HSPA5	0.796
FOS	IER2	0.796
EPSTI1	ISG15	0.796
IFITM1	IFITM2	0.796
KRT8	KRT19	0.796
MKI67	NDC80	0.796
PIM1	MYC	0.796
RPL3L	RSL1D1	0.796
ACP5	CALCR	0.795
CDCA2	CENPF	0.795
KLF1	HBA2	0.795
ITGAM	ENG	0.795
MT1G	MT1E	0.795
PCLAF	DTL	0.794
RRP15	RSL1D1	0.794
SNW1	SNU13	0.794
UBE2L3	UBC	0.794
CENPE	CDCA5	0.793
CDCA2	CCNB2	0.793
HNRNPDL	HNRNPD	0.793
HSP90AA1	H3C12	0.793
REXO4	PPAN	0.793
NRP1	NTRK1	0.793
PLK4	RACGAP1	0.793
TNFRSF12A	TNF	0.793
DNAJC2	DNAJB1	0.792
HERPUD1	HSPA5	0.792
H2BC9	H1-2	0.792
GAPDH	HSPD1	0.792
HMGB1	IL6	0.792
PCNA	MAD2L1	0.792
POMP	PSMD14	0.792
TPX2	TK1	0.792
CCNF	AURKA	0.791
FN1	ENO1	0.791
PBK	NCAPH	0.791
PA2G4	NCL	0.791
NEK2	PRC1	0.791
TFF1	TFF3	0.791
TNFRSF12A	TRAF1	0.791
CYTIP	CD48	0.789
CDCA8	ANLN	0.789
KRT18	EPCAM	0.789
ECT2	HMMR	0.789
RACK1	ISG15	0.789
PSMG1	PSMA4	0.789
RGS18	PLEK	0.789
GYPB	HBE1	0.788
HEPH	HAMP	0.788
RABGGTB	RAB7B	0.788
NNMT	CAVIN1	0.788
MRPL21	PDCD5	0.788
CCL2	CCL4	0.787
BIRC5	CDC25C	0.787
CCR9	CCR3	0.787
BUB3	CCNA2	0.787
DLGAP5	EXO1	0.787
KIF14	KIFC1	0.787
RFC4	NDC80	0.787
MYB	MYC	0.787
CDC25B	CDC20	0.786
CCNF	AURKB	0.786
H2AW	H4C6	0.786
DUSP5	FOS	0.786
TACC3	TPX2	0.786
RRM2	ANLN	0.785
CYC1	COX7B2	0.785
RRM2	AK2	0.785
HP	HBE1	0.785
FH	H2AZ1	0.785
FTL	HAMP	0.785
ALDOA	ACTB	0.784
FBXO5	KIF11	0.784
ISG20	GBP1	0.784
GAPDH	HMBS	0.784
PRX	PMP22	0.784
PAX5	MYC	0.784
TROAP	TOP2A	0.784
TIMM8A	TIMM50	0.784
C3	CXCL8	0.783
ID1	ETS1	0.783
FDFT1	EBP	0.783
LCK	FLT3LG	0.783
MT2A	MT1G	0.783
PEBP1	MRPL22	0.783
RACGAP1	NUF2	0.783
AURKA	DEPDC1	0.782
ALB	CXCL8	0.782
CCL19	CCL4	0.782
GFAP	IL6	0.782
ITGAM	FCER1G	0.782
FN1	FOS	0.782
NR4A2	NR4A1	0.782
PHGDH	MYC	0.782
TNNC2	TPM4	0.782
CDKN1B	CDKN3	0.781
BIRC5	ANLN	0.781
CDT1	BIRC5	0.781
CDCA3	CENPF	0.781
CKAP2	CCNA2	0.781
DNAJC12	DNAJB1	0.781
DNAJA1	HSPE1	0.781
IL6	KIT	0.781
H2AC20	H2AZ1	0.781
GAPDH	JUN	0.781
C1QBP	CD209	0.779
ACE2	CD209	0.779
FBXO5	HEMK1	0.779
EEF2	EIF3I	0.779
MYL4	MYL12B	0.779
UBE2T	UBB	0.779
CDCA8	ATP5MF	0.778
CDCA2	CCNA2	0.778
EGR1	IL6	0.778
KIF23	KPNA2	0.778
IGF1	FCGR2A	0.778
TUBA1C	TUBA4A	0.778
SLC7A5	SLC38A2	0.778
CD48	CD86	0.777
KIF4A	ESPL1	0.777
GNB5	FAU	0.777
EXO1	HELLS	0.777
RACK1	JUN	0.777
NDC80	NCAPH	0.777
SOD2	VDAC1	0.777
CENPF	CDC45	0.776
CDKN1A	CKS2	0.776
FN1	KIT	0.776
GYPA	HBE1	0.776
FCGR1A	IL3RA	0.776
KIF4A	KIFC1	0.776
TRPM4	SCNN1A	0.776
JUN	H4C6	0.775
PSMC3	PSME2	0.775
PBK	RACGAP1	0.775
RUNX2	SOST	0.775
S100A8	S100A7	0.775
SMOX	SRM	0.775
BIRC5	CKS2	0.774
ACTG1	ALDOA	0.774
HEY1	ID1	0.774
MAP1A	NBR1	0.774
CTSH	CTSL	0.773
BATF3	CREB5	0.773
ATP5IF1	ATP5MF	0.772
CDCA8	DEPDC1	0.772
KLF6	DUSP1	0.772
EXO1	KIF11	0.772
PSMA4	NFKBIA	0.772
MT2A	MT1F	0.772
NIP7	REXO4	0.772
PDGFB	NTRK1	0.772
MMP9	PLAUR	0.772
RRP12	TWISTNB	0.772
RPL22L1	RPF1	0.772
ATF5	DDIT3	0.771
HSPA1A	FKBP4	0.771
HSP90AA1	ENO1	0.771
ODC1	MYC	0.771
CEBPB	ASNS	0.769
KIF23	ESPL1	0.769
OPRD1	NPFFR1	0.769
KIF18A	KIF18B	0.768
HLA-DRA	LCK	0.768
MND1	MCM10	0.768
ATP5MC3	ATP5IF1	0.767
ACTB	ANXA2	0.767
ICAM1	ENG	0.767
ICAM1	IL15	0.767
APP	APOC3	0.766
ARHGAP11A	BUB1	0.766
ATF3	ACTB	0.766
KIF2C	PCLAF	0.766
PRDX1	MYC	0.766
TWISTNB	RPF1	0.766
RRP9	WDR18	0.766
SLC38A5	SCN11A	0.766
CCR3	CLC	0.765
ACTB	ACE	0.765
BUB3	CENPF	0.765
CDCA3	CDC45	0.765
EIF6	EEF2	0.765
MYH7B	MYL4	0.765
SLC38A2	SCN11A	0.765
SUCLG1	TUFM	0.765
KIF2C	EXO1	0.764
KIF2C	KIF20B	0.764
SERPINE1	TNF	0.764
VIM	S100A4	0.764
RSL1D1	RPS5	0.764
CDCA2	CCNB1	0.763
CDCA8	BUB3	0.763
LAPTM5	EVI2B	0.763
HJURP	PCLAF	0.763
PSAT1	MTHFD2	0.763
SCN9A	TRPM4	0.763
CD81	CD209	0.762
CENPE	ANLN	0.762
CNTLN	CEP55	0.762
ACE2	AAK1	0.762
CCR3	CCL4L2	0.762
GLIPR2	GLIPR1	0.762
GCSH	GART	0.762
KIF14	KIF18B	0.762
MAP1B	NBR1	0.762
PBK	MKI67	0.762
THBS1	TIMP1	0.762
RPL22L1	RSL1D1	0.762
CDC20	DEPDC1	0.761
ACAN	CD44	0.761
EGR2	EGR4	0.761
KIF14	ECT2	0.761
NUP37	MAD2L1	0.761
CENPU	CDCA8	0.759
RRM2	CDCA3	0.759
GFAP	FGF2	0.759
EIF2S1	HSP90B1	0.759
HNRNPD	FOS	0.759
MKI67	NUF2	0.759
CENPU	BUB1	0.758
ID2	EGR2	0.758
NUF2	NCAPH	0.758
MRPL21	NDUFS3	0.758
S100A10	S100A4	0.758
CCNE1	CCNB2	0.757
ALAS2	BLVRB	0.757
CD81	CD44	0.757
EEF2	EIF1	0.757
CD69	CXCL8	0.756
APP	APOL1	0.756
CCL19	CCL5	0.756
CDCA2	AURKB	0.756
DDX21	ACTB	0.756
DLGAP5	DTL	0.756
PBK	PLK1	0.756
MAP1A	OPTN	0.756
CENPU	AURKB	0.755
ATP5ME	COX4I2	0.755
CD209	CD86	0.755
EIF2S1	HSP90AA1	0.755
H2AW	H3C12	0.755
LCK	IL2RG	0.755
PEBP1	MRPL47	0.755
AIF1	ACTB	0.754
EXO1	ESPL1	0.754
PCLAF	HMMR	0.754
ISG15	GBP1	0.754
KIF2C	GTSE1	0.754
SPI1	TNF	0.754
TOMM40	TUFM	0.754
COL9A2	COLGALT2	0.753
KIF18A	ESPL1	0.753
KIF20A	GTSE1	0.753
PTGIR	PTGS1	0.753
MYB	PAX5	0.753
UBC	UBASH3A	0.753
CKAP2L	CDC45	0.752
ATL1	ARL6IP1	0.752
CD53	CD52	0.752
HSD17B10	EEF2	0.752
FGF2	ICAM1	0.752
IL22RA2	IL6	0.752
EGR3	JUNB	0.752
HSPA6	DNAJB11	0.752
ITGAM	IL3RA	0.752
HSP90AB1	JUN	0.752
TPI1	TYMS	0.752
TNNI1	TPM4	0.752
CD44	CXCL8	0.751
CD47	ANK2	0.751
CCL25	CCL4	0.751
H1-5	H2AC8	0.751
ISG15	IL6	0.751
PLK1	NCAPH	0.751
IER2	DUSP1	0.749
GFAP	GAPDH	0.749
HAVCR2	IL6	0.749
KIF14	KIF20B	0.749
MSN	PLEK	0.749
BCL2L11	CDKN1B	0.748
RRM2	AK8	0.748
CXCL10	CD86	0.748
CCL3	CD86	0.748
CDKN1C	CDKN3	0.748
LGALS1	EMP3	0.748
GAPDH	ISG15	0.748
RNASEH2A	RFC3	0.748
RRP12	SURF6	0.748
CENPU	CCNB1	0.747
ANLN	CCNA2	0.747
CD44	CD63	0.747
GYPB	HEMGN	0.747
HBD	KLF1	0.747
DNAJC2	HSPA5	0.747
HSP90AB1	H3C12	0.747
MCM5	PLK1	0.747
UPP1	TYMS	0.747
CCL2	APOE	0.746
CCNB1	CCNE1	0.746
BIRC5	BIRC3	0.746
ASPM	CDCA5	0.746
ALB	CD209	0.746
CD9	CD37	0.746
ACTB	CDH5	0.746
HELLS	KIF11	0.746
GAPDH	FGF2	0.746
KRT8	KRT7	0.746
IL6	H3C12	0.746
HJURP	EXO1	0.746
PSMC2	PSME2	0.746
PNO1	NIFK	0.746
PKDCC	POMK	0.746
RAN	PSMD14	0.746
TRAF1	TNFRSF4	0.746
AQP3	AQP1	0.745
ARHGAP11A	CDK1	0.745
ASPM	CKS2	0.745
IL6	DUSP1	0.745
HSP90AB1	GRPEL1	0.745
HSP90AA1	GRPEL1	0.745
PLA2G2D	LPCAT2	0.745
POMP	PSMD4	0.745
RRP12	RRP15	0.745
H2BC11	H2BC9	0.744
NTRK1	PDGFA	0.744
RRP9	RRP15	0.744
SLC7A5	TRIB3	0.744
ALB	CAV1	0.743
CCNF	CDCA3	0.743
DNAJA1	HSPD1	0.743
JUN	E2F1	0.743
IL24	IL6R	0.743
KIF20B	KIFC1	0.743
PYY	NTS	0.743
MYC	MAP2K3	0.743
HLA-DRA	LCP2	0.742
NUSAP1	NCAPH	0.742
NDUFAF2	NDUFS5	0.742
SOX2	SNAI1	0.742
AURKA	ANLN	0.741
GINS2	FEN1	0.741
EXOG	FEN1	0.741
IL24	IL23R	0.741
KRT8	HSPA5	0.741
CCL2	ALB	0.739
CCNA1	CCNB2	0.739
CDC25C	CDCA5	0.739
ALB	CD63	0.739
ALB	CD44	0.739
AVP	ALDH1A1	0.739
CNDP1	ASS1	0.739
GAP43	FN1	0.739
SLC7A5	SLC7A11	0.739
CDC25C	CCNE1	0.738
CRYAB	CRYBA2	0.738
ABCG2	ALDH1A1	0.738
AURKB	CKS2	0.738
H2BC21	EGR2	0.738
KIF18A	ECT2	0.738
HSP90AA1	IL6	0.738
MRTO4	PNO1	0.738
PA2G4	MRPL36	0.738
MDH2	PGK1	0.738
POLE3	RFC3	0.738
CCL2	C3	0.737
CCL2	CD86	0.737
CKAP2L	CENPF	0.737
CKAP2L	AURKB	0.737
CD63	CD86	0.737
ATF3	CDKN1A	0.737
ANXA1	CD9	0.737
CD59	CD44	0.737
FLT1	ENG	0.737
ETS1	FOS	0.737
PSME1	PSMD13	0.737
CCNA1	BUB3	0.736
CENPU	CENPF	0.736
ALB	CD86	0.736
CEBPB	ATF5	0.736
CD47	CD9	0.736
CDCA8	CKAP2	0.736
CD44	ABCG2	0.736
DLGAP5	GTSE1	0.736
GFAP	FABP7	0.736
HSPD1	DNAJB1	0.736
HSPA5	IL6	0.736
ITGAM	ELANE	0.736
CD48	CD3D	0.735
COL2A1	COL9A2	0.735
CDKN1A	CDKN1C	0.735
KRT7	EPCAM	0.735
HLA-B	GBP1	0.735
HSP90AB1	IL6	0.735
PSMG1	MRPL21	0.735
AREG	ANGPTL4	0.734
ITGAM	EPCAM	0.734
GATA2	HDC	0.734
ODC1	MYCN	0.734
MAD2L1	NCAPH	0.734
PSME1	PSMD11	0.734
PBK	MCM10	0.734
S100A1	S100A3	0.734
CCNA1	CDKN3	0.733
CCNF	CDCA8	0.733
KIF18A	HJURP	0.733
KLRC1	IL15	0.733
FLNA	ITGA2	0.733
HSP90B1	HSPA1A	0.733
ITGA3	FLNA	0.733
GPX3	IL6	0.733
TUFM	SSBP1	0.733
C3	APOE	0.732
CD68	CXCL10	0.732
GAPDH	EEF1A2	0.731
HSP90AA1	H4C6	0.731
IL15	HCST	0.731
IL11	IL2RG	0.731
FEN1	DTL	0.731
KIFC1	KPNA2	0.731
MRPL12	PPA1	0.731
POMP	PSMC2	0.731
SNRPD3	TEP1	0.731
TSFM	RPL3L	0.731
ATAD2	CENPE	0.729
ARHGAP11A	CENPE	0.729
CKAP2L	CCNB2	0.729
AIF1	ALB	0.729
ACTB	CXCL8	0.729
GATA2	ETS1	0.729
H2BC21	KMT2A	0.729
EIF6	EIF2S2	0.729
PRDX1	PEBP1	0.729
RACGAP1	MKI67	0.729
RANBP1	PPIAL4G	0.729
UBE2L3	UBB	0.729
ACTB	CD44	0.728
ELANE	H3C12	0.728
KIF4A	DTL	0.728
RNASEH2A	RFC4	0.728
NASP	NPM1	0.728
NUP37	MAGOHB	0.728
SCIN	VDAC1	0.728
SOD2	TXN	0.728
CD68	ALB	0.727
CKAP2L	CCNA2	0.727
CCL4	CD86	0.727
ARHGAP11A	CEP55	0.727
KIF20A	KNSTRN	0.727
KIF14	KIF5B	0.727
HLA-C	ERAP2	0.727
TIMP1	TNF	0.727
CCNF	BUB1B	0.726
BCL2L11	CDKN1A	0.726
FOS	IRF1	0.726
DLGAP5	PIMREG	0.726
IL11	FLT3LG	0.726
FCGR1A	KIT	0.726
HSPA5	ENO1	0.726
GATA2	KMT2A	0.726
HP	IL6	0.726
KRT18	GAPDH	0.726
PYY	NMU	0.726
PLK4	MCM10	0.726
PA2G4	PWP1	0.726
MRPL22	PDCD5	0.726
CST7	CTSC	0.725
CD81	CD37	0.725
APP	CAV1	0.725
CDKN3	CKS2	0.725
CENPF	CDKN3	0.725
ATP5F1C	AK2	0.725
HAVCR2	LCP2	0.725
HSPE1	HSPA5	0.725
IL23R	IL11	0.725
IFITM1	ISG20	0.725
FUT2	HBG1	0.725
TFRC	TNF	0.725
RRP12	WDR18	0.725
COL18A1	COL1A1	0.724
DEPDC1	CCNB2	0.724
AURKB	CDKN3	0.724
LCK	KIT	0.724
ENO1	HK2	0.724
HMGB1	HSPA8	0.724
PRC1	NCAPH	0.724
CCL25	CCL3	0.723
GFAP	GAD1	0.723
FCGR1A	IL6	0.723
MRTO4	PDCD5	0.723
MYH7B	MYL12B	0.723
RPL3L	WDR18	0.723
TSFM	RPS5	0.723
CCT7	ACTB	0.722
CDT1	CLSPN	0.722
ARHGAP11B	ASPM	0.722
GAPDH	FOS	0.722
MTHFD2	PHGDH	0.722
BIRC5	CKAP2	0.721
CCR9	CXCR4	0.721
RACGAP1	NEK2	0.721
POLE3	MCM10	0.721
RRP9	RRP1B	0.721
STMN1	TYMS	0.721
FLT1	FLT3LG	0.719
GAPDH	HSPA1B	0.719
SLPI	TUBB1	0.719
SYN2	TIMP4	0.719
CCL2	CCL3L1	0.718
COL18A1	COL6A2	0.718
CD59	CD9	0.718
HP	HBQ1	0.718
FBXO5	DLGAP5	0.718
PA2G4	MRPL22	0.718
PHGDH	PKM	0.718
POLE3	RFC4	0.718
TFPI	SERPINE1	0.718
CKS1B	BUB1	0.717
CCL18	CXCL10	0.717
CXCL10	CCR4	0.717
HBZ	HBA1	0.717
KRT7	KIT	0.717
KIF4A	KIF20B	0.717
KIF20B	KIF20A	0.717
KIF2C	ECT2	0.717
HMGA2	LIN28A	0.717
PTTG1	NCAPH	0.717
PRDX1	PARK7	0.717
PSAPL1	MANF	0.717
WDR43	RRP15	0.717
CD52	CD3D	0.716
GAP43	GFAP	0.716
GAPDH	FASN	0.716
SELPLG	TNF	0.716
UNG	TYMS	0.716
S100A10	S100A11	0.716
CDC25B	CDC45	0.715
ATAD2	CEP55	0.715
CCL5	CD86	0.715
CXCR4	CAV1	0.715
ARHGAP11A	CCNA2	0.715
HCLS1	LCP2	0.715
LILRA1	FCER1G	0.715
GFAP	ITGAM	0.715
PEBP1	PRDX2	0.715
UBC	UBASH3B	0.715
HSP90AA1	HIF3A	0.714
KIF14	EXO1	0.714
GAPDH	ITGAM	0.714
NGFR	PDGFA	0.714
RRP9	WDR74	0.714
CD74	CCL5	0.713
CDCA2	CDC25C	0.713
RRM2	CDKN3	0.713
CLIC1	ANXA2	0.713
IRF1	IFITM3	0.713
DYNLL1	KNSTRN	0.713
H2BC5	H2AW	0.713
E2F1	H3C12	0.713
KIF20B	ECT2	0.713
PSMD11	PSME2	0.713
S100A3	S100A13	0.713
TMC6	TK1	0.713
CCL2	ACE2	0.712
CD63	CD37	0.712
CDH5	CAV1	0.712
CSF3R	CISH	0.712
ANXA1	AHNAK	0.712
GATA2	KLF1	0.712
FN1	ECM1	0.712
NFKBIA	PTPN13	0.712
PLK4	NDC80	0.712
SLC3A2	SLC38A2	0.712
S100A10	S100A13	0.712
ALB	CD47	0.711
JADE1	H3C12	0.711
EIF2S1	DNAJC2	0.711
HNRNPH1	EEF2	0.711
HAVCR2	KLRC1	0.711
ITGAM	FLT3LG	0.711
NIP7	PA2G4	0.711
MRTO4	PKM	0.711
PTPRC	MMP9	0.711
PBK	RFC4	0.711
SNRPD1	SSB	0.711
APP	CYCS	0.709
CDC25C	CLSPN	0.709
DDX21	BRIX1	0.709
CDKN1A	ACTB	0.709
IL22RA2	IL11	0.709
KIT	IL3RA	0.709
GYPB	HBB	0.709
PDCD11	PPAN	0.709
PARK7	PRDX6	0.709
TIMP2	TIMP4	0.709
CD68	CD44	0.708
CCNA1	AURKB	0.708
KIF5B	KIF11	0.708
HSP90AA1	KIT	0.708
GAPDH	LIN28A	0.708
PTGS1	PLAAT3	0.708
PLA2G2D	PTGS1	0.708
SNCA	SLC4A1	0.708
UBC	VDAC1	0.708
CENPA	CDC45	0.707
NME1	NDUFS3	0.707
DBF4	CCNA2	0.706
CD44	ANXA2	0.706
NEK8	NPHP1	0.706
PLD3	PLA2G12B	0.706
CENPU	CDCA5	0.705
ATP5PO	COX4I2	0.705
CLDN14	CLDN19	0.705
DLGAP5	KPNA2	0.705
FN1	ELANE	0.705
IL6R	LIFR	0.705
HLA-DRA	ITGB2	0.705
PLAAT3	MAPK1	0.705
MSN	NCF1	0.705
RPS24	UBB	0.705
UBE2T	TK1	0.705
CCL2	ATF3	0.704
CXCL8	CCR4	0.704
LAPTM5	GMFG	0.704
H1-5	H1-2	0.704
DKC1	EMG1	0.704
MMP9	NFKBIA	0.704
CGAS	OASL	0.704
MRTO4	PKLR	0.704
MMP9	MYC	0.704
CDH5	ANGPT2	0.703
ASPM	CDC45	0.703
ATF5	CEBPA	0.703
IL15	LIFR	0.703
HSP90AA1	HMGB1	0.703
GATA2	H3C12	0.703
PSMD4	PSME2	0.703
ARHGAP11A	CDCA8	0.702
CD44	CD47	0.702
JUNB	GADD45B	0.702
JUN	GADD45B	0.702
GMNN	FBXO43	0.702
GAPDH	HSPE1	0.702
PSME1	PSMC2	0.702
AURKA	CDC45	0.701
CXCR4	CD69	0.701
DBF4	CDC20	0.701
ANLN	CDC20	0.701
CCR4	CCL4	0.701
ANXA1	CD63	0.701
GATA2	H4C6	0.701
HSPA6	GRPEL1	0.701
KRT7	KRT19	0.701
RACGAP1	NDC80	0.701
MRPL21	PA2G4	0.701
TACC3	TROAP	0.701
UBE2L3	SNCA	0.701
